,MLP_Tran_loss,ANN_Tran_loss,Dual Q-Net_Tran_loss,MLP_Train_AAR,ANN_Train_AAR,Dual Q-Net_Train_AAR,MLP_Train_PAR,ANN_Train_PAR,Dual Q-Net_Train_PAR,MLP_Val_loss,ANN_Val_loss,Dual Q-Net_Val_loss,MLP_Val_AAR,ANN_Val_AAR,Dual Q-Net_Val_AAR,MLP_Val_PAR,ANN_Val_PAR,Dual Q-Net_Val_PAR
0,0.238,0.255,0.258,0.625,0.5,0.583,0.125,0.125,0.125,0.227,0.273,0.241,0.683,0.347,0.657,0.33,0.01,0.26
1,0.234,0.254,0.246,0.667,0.5,0.583,0.125,0.125,0.125,0.223,0.271,0.24,0.71,0.347,0.663,0.36,0.01,0.27
2,0.23,0.253,0.243,0.708,0.5,0.625,0.125,0.125,0.125,0.219,0.268,0.239,0.753,0.347,0.667,0.37,0.01,0.29
3,0.226,0.252,0.241,0.708,0.542,0.667,0.125,0.125,0.25,0.216,0.266,0.238,0.77,0.357,0.66,0.41,0.01,0.3
4,0.222,0.251,0.238,0.708,0.5,0.625,0.125,0.125,0.25,0.213,0.263,0.237,0.77,0.353,0.607,0.41,0.03,0.28
5,0.218,0.25,0.236,0.833,0.542,0.625,0.5,0.25,0.25,0.21,0.261,0.236,0.86,0.373,0.59,0.68,0.06,0.26
6,0.214,0.249,0.234,0.833,0.667,0.667,0.5,0.375,0.25,0.207,0.259,0.235,0.86,0.45,0.607,0.68,0.15,0.27
7,0.211,0.248,0.232,0.833,0.625,0.708,0.5,0.25,0.375,0.204,0.257,0.234,0.867,0.53,0.623,0.69,0.2,0.33
8,0.207,0.247,0.229,0.833,0.708,0.708,0.5,0.25,0.375,0.201,0.255,0.232,0.87,0.627,0.627,0.71,0.21,0.34
9,0.203,0.246,0.227,0.833,0.667,0.792,0.5,0.125,0.5,0.198,0.253,0.23,0.877,0.583,0.64,0.71,0.13,0.38
10,0.2,0.246,0.225,0.875,0.667,0.792,0.625,0.125,0.5,0.196,0.251,0.228,0.887,0.563,0.633,0.74,0.07,0.38
11,0.196,0.245,0.222,0.917,0.667,0.792,0.75,0.125,0.5,0.193,0.249,0.226,0.907,0.563,0.637,0.8,0.06,0.39
12,0.193,0.244,0.22,0.917,0.667,0.792,0.75,0.125,0.5,0.19,0.248,0.224,0.903,0.583,0.647,0.8,0.06,0.39
13,0.19,0.243,0.217,1.0,0.667,0.792,1.0,0.125,0.5,0.187,0.246,0.222,0.933,0.59,0.66,0.86,0.06,0.39
14,0.186,0.242,0.215,1.0,0.667,0.792,1.0,0.125,0.5,0.184,0.245,0.22,0.94,0.587,0.66,0.87,0.06,0.39
15,0.183,0.241,0.212,1.0,0.708,0.833,1.0,0.25,0.5,0.182,0.244,0.218,0.94,0.597,0.7,0.87,0.1,0.39
16,0.18,0.241,0.209,1.0,0.667,0.833,1.0,0.25,0.5,0.179,0.242,0.215,0.94,0.577,0.703,0.87,0.08,0.39
17,0.177,0.24,0.207,1.0,0.667,0.833,1.0,0.25,0.5,0.176,0.241,0.213,0.943,0.603,0.713,0.87,0.09,0.39
18,0.174,0.239,0.204,1.0,0.708,0.875,1.0,0.25,0.625,0.174,0.24,0.211,0.943,0.61,0.737,0.87,0.11,0.45
19,0.171,0.238,0.201,1.0,0.708,0.875,1.0,0.25,0.625,0.171,0.239,0.208,0.95,0.62,0.743,0.88,0.13,0.45
20,0.168,0.237,0.198,1.0,0.75,0.833,1.0,0.375,0.5,0.168,0.238,0.206,0.947,0.65,0.727,0.87,0.27,0.4
21,0.165,0.236,0.195,1.0,0.792,0.833,1.0,0.5,0.5,0.166,0.238,0.203,0.947,0.7,0.723,0.87,0.42,0.39
22,0.162,0.235,0.192,1.0,0.75,0.875,1.0,0.375,0.625,0.164,0.237,0.2,0.943,0.71,0.73,0.86,0.45,0.4
23,0.159,0.234,0.189,1.0,0.75,0.875,1.0,0.375,0.625,0.161,0.236,0.198,0.943,0.703,0.733,0.86,0.43,0.41
24,0.157,0.233,0.186,1.0,0.792,0.875,1.0,0.5,0.625,0.159,0.235,0.195,0.943,0.743,0.737,0.86,0.55,0.41
25,0.154,0.232,0.183,1.0,0.833,0.917,1.0,0.5,0.75,0.157,0.234,0.192,0.943,0.773,0.75,0.86,0.58,0.43
26,0.151,0.231,0.18,1.0,0.833,0.917,1.0,0.5,0.75,0.155,0.233,0.189,0.943,0.773,0.757,0.86,0.58,0.43
27,0.149,0.23,0.177,1.0,0.833,0.917,1.0,0.5,0.75,0.153,0.232,0.185,0.943,0.777,0.76,0.86,0.58,0.44
28,0.147,0.229,0.173,1.0,0.833,0.917,1.0,0.5,0.75,0.151,0.231,0.182,0.943,0.783,0.787,0.86,0.58,0.49
29,0.144,0.227,0.17,1.0,0.833,0.917,1.0,0.5,0.75,0.149,0.23,0.179,0.943,0.783,0.79,0.86,0.58,0.5
30,0.142,0.226,0.167,1.0,0.833,0.917,1.0,0.5,0.75,0.147,0.23,0.176,0.943,0.787,0.797,0.86,0.58,0.52
31,0.14,0.225,0.164,1.0,0.833,0.917,1.0,0.5,0.75,0.145,0.229,0.172,0.94,0.793,0.817,0.86,0.57,0.56
32,0.137,0.224,0.161,1.0,0.833,0.917,1.0,0.5,0.75,0.144,0.227,0.169,0.943,0.787,0.817,0.87,0.55,0.56
33,0.135,0.223,0.158,1.0,0.833,0.917,1.0,0.5,0.75,0.142,0.226,0.166,0.943,0.767,0.83,0.87,0.49,0.59
34,0.133,0.222,0.155,1.0,0.833,0.917,1.0,0.5,0.75,0.14,0.225,0.163,0.94,0.767,0.84,0.87,0.49,0.62
35,0.131,0.22,0.152,1.0,0.833,0.917,1.0,0.5,0.75,0.139,0.224,0.16,0.94,0.747,0.847,0.87,0.43,0.63
36,0.129,0.219,0.149,1.0,0.833,0.917,1.0,0.5,0.75,0.137,0.223,0.156,0.943,0.743,0.853,0.87,0.41,0.64
37,0.127,0.218,0.146,1.0,0.833,0.917,1.0,0.5,0.75,0.136,0.222,0.153,0.943,0.743,0.853,0.87,0.41,0.64
38,0.125,0.217,0.143,1.0,0.833,0.917,1.0,0.5,0.75,0.134,0.221,0.15,0.943,0.75,0.853,0.87,0.42,0.64
39,0.123,0.215,0.14,1.0,0.875,0.875,1.0,0.625,0.625,0.133,0.22,0.147,0.943,0.757,0.857,0.87,0.44,0.65
40,0.122,0.214,0.137,1.0,0.875,0.875,1.0,0.625,0.625,0.131,0.219,0.144,0.943,0.767,0.86,0.87,0.47,0.66
41,0.12,0.213,0.134,1.0,0.875,0.875,1.0,0.625,0.625,0.13,0.218,0.141,0.943,0.767,0.86,0.87,0.47,0.66
42,0.118,0.212,0.131,1.0,0.875,0.875,1.0,0.625,0.625,0.129,0.217,0.138,0.943,0.773,0.86,0.87,0.47,0.66
43,0.117,0.21,0.128,1.0,0.875,0.875,1.0,0.625,0.625,0.127,0.216,0.135,0.94,0.797,0.857,0.87,0.5,0.65
44,0.115,0.209,0.125,1.0,0.875,0.875,1.0,0.625,0.625,0.126,0.215,0.132,0.94,0.797,0.857,0.87,0.5,0.65
45,0.113,0.208,0.122,1.0,0.875,0.875,1.0,0.625,0.625,0.125,0.214,0.129,0.947,0.797,0.86,0.87,0.5,0.66
46,0.112,0.206,0.119,1.0,0.875,0.875,1.0,0.625,0.625,0.124,0.213,0.126,0.943,0.793,0.86,0.87,0.49,0.66
47,0.11,0.205,0.116,1.0,0.875,0.875,1.0,0.625,0.625,0.123,0.212,0.123,0.943,0.793,0.863,0.87,0.49,0.67
48,0.109,0.204,0.113,1.0,0.875,0.875,1.0,0.625,0.625,0.121,0.211,0.121,0.943,0.793,0.863,0.87,0.49,0.67
49,0.107,0.202,0.111,1.0,0.875,0.875,1.0,0.625,0.625,0.12,0.21,0.118,0.94,0.797,0.863,0.87,0.49,0.67
50,0.106,0.201,0.108,1.0,0.875,0.875,1.0,0.625,0.625,0.119,0.209,0.116,0.94,0.8,0.867,0.87,0.5,0.67
51,0.105,0.2,0.105,1.0,0.917,0.875,1.0,0.75,0.625,0.118,0.208,0.113,0.94,0.82,0.867,0.87,0.56,0.67
52,0.103,0.198,0.102,1.0,0.917,0.875,1.0,0.75,0.625,0.117,0.207,0.111,0.94,0.82,0.867,0.87,0.56,0.67
53,0.102,0.197,0.1,1.0,0.917,0.917,1.0,0.75,0.75,0.116,0.206,0.109,0.94,0.813,0.867,0.87,0.54,0.67
54,0.101,0.196,0.097,1.0,0.917,0.917,1.0,0.75,0.75,0.115,0.205,0.107,0.94,0.813,0.867,0.87,0.54,0.67
55,0.1,0.195,0.094,1.0,0.917,0.917,1.0,0.75,0.75,0.114,0.204,0.105,0.94,0.81,0.867,0.87,0.53,0.67
56,0.098,0.193,0.092,1.0,0.917,0.917,1.0,0.75,0.75,0.113,0.203,0.103,0.94,0.81,0.867,0.87,0.53,0.67
57,0.097,0.192,0.089,1.0,0.917,0.917,1.0,0.75,0.75,0.113,0.203,0.101,0.94,0.807,0.867,0.87,0.52,0.67
58,0.096,0.191,0.087,1.0,0.917,0.917,1.0,0.75,0.75,0.112,0.202,0.099,0.94,0.797,0.867,0.87,0.49,0.67
59,0.095,0.189,0.085,1.0,0.917,0.917,1.0,0.75,0.75,0.111,0.201,0.098,0.94,0.797,0.87,0.87,0.49,0.67
60,0.094,0.188,0.082,1.0,0.917,0.917,1.0,0.75,0.75,0.11,0.2,0.096,0.94,0.8,0.87,0.87,0.49,0.67
61,0.093,0.187,0.08,1.0,0.917,0.917,1.0,0.75,0.75,0.109,0.199,0.095,0.94,0.8,0.873,0.87,0.49,0.68
62,0.092,0.186,0.078,1.0,0.917,0.958,1.0,0.75,0.875,0.109,0.198,0.094,0.94,0.8,0.913,0.87,0.49,0.8
63,0.091,0.184,0.076,1.0,0.917,0.958,1.0,0.75,0.875,0.108,0.197,0.092,0.94,0.8,0.913,0.87,0.49,0.8
64,0.09,0.183,0.074,1.0,0.917,0.958,1.0,0.75,0.875,0.107,0.196,0.091,0.94,0.8,0.91,0.87,0.49,0.8
65,0.089,0.182,0.072,1.0,0.917,0.958,1.0,0.75,0.875,0.106,0.195,0.09,0.94,0.8,0.91,0.87,0.49,0.8
66,0.088,0.181,0.07,1.0,0.917,0.958,1.0,0.75,0.875,0.106,0.195,0.089,0.94,0.8,0.91,0.87,0.49,0.8
67,0.087,0.179,0.068,1.0,0.917,0.958,1.0,0.75,0.875,0.105,0.194,0.088,0.94,0.8,0.91,0.87,0.49,0.8
68,0.086,0.178,0.066,1.0,0.917,0.958,1.0,0.75,0.875,0.104,0.193,0.087,0.94,0.807,0.91,0.87,0.49,0.8
69,0.085,0.177,0.064,1.0,0.875,1.0,1.0,0.625,1.0,0.104,0.192,0.086,0.94,0.763,0.92,0.87,0.36,0.83
70,0.084,0.176,0.062,1.0,0.875,1.0,1.0,0.625,1.0,0.103,0.191,0.085,0.94,0.763,0.92,0.87,0.36,0.83
71,0.083,0.175,0.06,1.0,0.875,1.0,1.0,0.625,1.0,0.102,0.191,0.083,0.94,0.763,0.92,0.87,0.36,0.83
72,0.082,0.174,0.059,1.0,0.875,1.0,1.0,0.625,1.0,0.102,0.19,0.082,0.94,0.763,0.923,0.87,0.36,0.83
73,0.082,0.172,0.057,1.0,0.875,1.0,1.0,0.625,1.0,0.101,0.189,0.081,0.94,0.763,0.923,0.87,0.36,0.83
74,0.081,0.171,0.055,1.0,0.875,1.0,1.0,0.625,1.0,0.101,0.188,0.08,0.94,0.763,0.923,0.87,0.36,0.83
75,0.08,0.17,0.054,1.0,0.875,1.0,1.0,0.625,1.0,0.1,0.188,0.079,0.94,0.763,0.917,0.87,0.36,0.81
76,0.079,0.169,0.052,1.0,0.875,1.0,1.0,0.625,1.0,0.1,0.187,0.078,0.94,0.76,0.917,0.87,0.35,0.81
77,0.078,0.168,0.051,1.0,0.875,1.0,1.0,0.625,1.0,0.099,0.186,0.077,0.94,0.76,0.917,0.87,0.35,0.81
78,0.078,0.167,0.049,1.0,0.875,1.0,1.0,0.625,1.0,0.099,0.185,0.076,0.94,0.76,0.917,0.87,0.35,0.81
79,0.077,0.166,0.048,1.0,0.875,1.0,1.0,0.625,1.0,0.098,0.185,0.075,0.94,0.76,0.917,0.87,0.35,0.81
80,0.076,0.165,0.047,1.0,0.875,1.0,1.0,0.625,1.0,0.097,0.184,0.074,0.94,0.76,0.91,0.87,0.35,0.81
81,0.075,0.164,0.045,1.0,0.875,1.0,1.0,0.625,1.0,0.097,0.183,0.074,0.94,0.76,0.91,0.87,0.35,0.81
82,0.075,0.163,0.044,1.0,0.875,1.0,1.0,0.625,1.0,0.097,0.183,0.073,0.94,0.76,0.91,0.87,0.35,0.81
83,0.074,0.162,0.043,1.0,0.875,1.0,1.0,0.625,1.0,0.096,0.182,0.072,0.94,0.76,0.9,0.87,0.35,0.81
84,0.073,0.161,0.041,1.0,0.875,1.0,1.0,0.625,1.0,0.096,0.181,0.071,0.94,0.76,0.9,0.87,0.35,0.81
85,0.073,0.16,0.04,1.0,0.875,1.0,1.0,0.625,1.0,0.095,0.181,0.071,0.937,0.76,0.9,0.87,0.35,0.81
86,0.072,0.159,0.039,1.0,0.875,1.0,1.0,0.625,1.0,0.095,0.18,0.07,0.937,0.757,0.91,0.87,0.34,0.81
87,0.071,0.158,0.038,1.0,0.875,1.0,1.0,0.625,1.0,0.094,0.18,0.069,0.937,0.757,0.91,0.87,0.34,0.81
88,0.071,0.157,0.037,1.0,0.875,1.0,1.0,0.625,1.0,0.094,0.179,0.068,0.937,0.757,0.91,0.87,0.34,0.81
89,0.07,0.156,0.036,1.0,0.875,1.0,1.0,0.625,1.0,0.093,0.178,0.067,0.937,0.757,0.917,0.87,0.34,0.81
90,0.07,0.155,0.035,1.0,0.875,1.0,1.0,0.625,1.0,0.093,0.178,0.066,0.937,0.757,0.917,0.87,0.34,0.81
91,0.069,0.154,0.034,1.0,0.875,1.0,1.0,0.625,1.0,0.093,0.177,0.066,0.937,0.757,0.92,0.87,0.34,0.82
92,0.068,0.154,0.033,1.0,0.875,1.0,1.0,0.625,1.0,0.092,0.177,0.065,0.937,0.757,0.923,0.87,0.34,0.83
93,0.068,0.153,0.032,1.0,0.875,1.0,1.0,0.625,1.0,0.092,0.176,0.064,0.937,0.757,0.923,0.87,0.34,0.83
94,0.067,0.152,0.031,1.0,0.875,1.0,1.0,0.625,1.0,0.091,0.175,0.064,0.937,0.757,0.923,0.87,0.34,0.83
95,0.067,0.151,0.03,1.0,0.875,1.0,1.0,0.625,1.0,0.091,0.175,0.063,0.937,0.757,0.927,0.87,0.34,0.84
96,0.066,0.15,0.029,1.0,0.875,1.0,1.0,0.625,1.0,0.091,0.174,0.062,0.937,0.757,0.927,0.87,0.34,0.84
97,0.066,0.149,0.028,1.0,0.875,1.0,1.0,0.625,1.0,0.09,0.174,0.061,0.937,0.757,0.927,0.87,0.34,0.84
98,0.065,0.148,0.027,1.0,0.875,1.0,1.0,0.625,1.0,0.09,0.173,0.061,0.937,0.757,0.927,0.87,0.34,0.84
99,0.065,0.148,0.027,1.0,0.875,1.0,1.0,0.625,1.0,0.09,0.173,0.06,0.937,0.757,0.933,0.87,0.34,0.86
100,0.064,0.147,0.026,1.0,0.875,1.0,1.0,0.625,1.0,0.089,0.172,0.059,0.937,0.757,0.933,0.87,0.34,0.86
101,0.064,0.146,0.025,1.0,0.875,1.0,1.0,0.625,1.0,0.089,0.171,0.059,0.937,0.757,0.933,0.87,0.34,0.86
102,0.063,0.145,0.024,1.0,0.875,1.0,1.0,0.625,1.0,0.089,0.171,0.058,0.937,0.757,0.933,0.87,0.34,0.86
103,0.063,0.145,0.024,1.0,0.875,1.0,1.0,0.625,1.0,0.088,0.17,0.057,0.937,0.757,0.933,0.87,0.34,0.86
104,0.062,0.144,0.023,1.0,0.875,1.0,1.0,0.625,1.0,0.088,0.17,0.057,0.937,0.757,0.933,0.87,0.34,0.86
105,0.062,0.143,0.022,1.0,0.875,1.0,1.0,0.625,1.0,0.088,0.169,0.056,0.937,0.753,0.933,0.87,0.34,0.86
106,0.061,0.142,0.022,1.0,0.875,1.0,1.0,0.625,1.0,0.087,0.169,0.056,0.937,0.753,0.933,0.87,0.34,0.86
107,0.061,0.142,0.021,1.0,0.875,1.0,1.0,0.625,1.0,0.087,0.168,0.055,0.937,0.757,0.933,0.87,0.34,0.86
108,0.06,0.141,0.02,1.0,0.875,1.0,1.0,0.625,1.0,0.087,0.167,0.055,0.937,0.757,0.933,0.87,0.34,0.86
109,0.06,0.14,0.02,1.0,0.875,1.0,1.0,0.625,1.0,0.086,0.167,0.054,0.937,0.757,0.933,0.87,0.34,0.86
110,0.059,0.139,0.019,1.0,0.875,1.0,1.0,0.625,1.0,0.086,0.166,0.053,0.937,0.757,0.937,0.87,0.34,0.87
111,0.059,0.139,0.019,1.0,0.875,1.0,1.0,0.625,1.0,0.086,0.166,0.053,0.937,0.757,0.94,0.87,0.34,0.87
112,0.059,0.138,0.018,1.0,0.875,1.0,1.0,0.625,1.0,0.086,0.165,0.053,0.937,0.76,0.94,0.87,0.34,0.87
113,0.058,0.137,0.018,1.0,0.875,1.0,1.0,0.625,1.0,0.085,0.165,0.052,0.937,0.76,0.94,0.87,0.34,0.87
114,0.058,0.137,0.017,1.0,0.875,1.0,1.0,0.625,1.0,0.085,0.164,0.052,0.937,0.76,0.94,0.87,0.34,0.87
115,0.057,0.136,0.017,1.0,0.875,1.0,1.0,0.625,1.0,0.085,0.164,0.051,0.937,0.76,0.94,0.87,0.34,0.87
116,0.057,0.135,0.016,1.0,0.917,1.0,1.0,0.75,1.0,0.084,0.163,0.051,0.937,0.8,0.94,0.87,0.46,0.87
117,0.056,0.135,0.016,1.0,0.917,1.0,1.0,0.75,1.0,0.084,0.162,0.05,0.937,0.8,0.94,0.87,0.46,0.87
118,0.056,0.134,0.016,1.0,0.917,1.0,1.0,0.75,1.0,0.084,0.162,0.05,0.937,0.8,0.94,0.87,0.46,0.87
119,0.056,0.133,0.015,1.0,0.917,1.0,1.0,0.75,1.0,0.084,0.161,0.049,0.937,0.8,0.95,0.87,0.46,0.9
120,0.055,0.133,0.015,1.0,0.917,1.0,1.0,0.75,1.0,0.083,0.161,0.049,0.937,0.8,0.95,0.87,0.46,0.9
121,0.055,0.132,0.014,1.0,0.917,1.0,1.0,0.75,1.0,0.083,0.16,0.049,0.937,0.8,0.95,0.87,0.46,0.9
122,0.055,0.131,0.014,1.0,0.917,1.0,1.0,0.75,1.0,0.083,0.16,0.048,0.937,0.803,0.95,0.87,0.47,0.9
123,0.054,0.131,0.014,1.0,0.917,1.0,1.0,0.75,1.0,0.083,0.159,0.048,0.937,0.803,0.95,0.87,0.47,0.9
124,0.054,0.13,0.013,1.0,0.917,1.0,1.0,0.75,1.0,0.082,0.158,0.048,0.937,0.807,0.947,0.87,0.48,0.89
125,0.053,0.13,0.013,1.0,0.917,1.0,1.0,0.75,1.0,0.082,0.158,0.047,0.937,0.807,0.947,0.87,0.48,0.89
126,0.053,0.129,0.013,1.0,0.917,1.0,1.0,0.75,1.0,0.082,0.157,0.047,0.937,0.807,0.947,0.87,0.48,0.89
127,0.053,0.128,0.012,1.0,0.917,1.0,1.0,0.75,1.0,0.082,0.157,0.046,0.937,0.807,0.947,0.87,0.48,0.89
128,0.052,0.128,0.012,1.0,0.917,1.0,1.0,0.75,1.0,0.081,0.156,0.046,0.937,0.807,0.947,0.87,0.48,0.89
129,0.052,0.127,0.012,1.0,0.917,1.0,1.0,0.75,1.0,0.081,0.156,0.046,0.937,0.807,0.947,0.87,0.48,0.89
130,0.052,0.126,0.012,1.0,0.917,1.0,1.0,0.75,1.0,0.081,0.155,0.046,0.937,0.807,0.947,0.87,0.48,0.89
131,0.051,0.126,0.011,1.0,0.917,1.0,1.0,0.75,1.0,0.081,0.154,0.045,0.937,0.807,0.947,0.87,0.48,0.89
132,0.051,0.125,0.011,1.0,0.917,1.0,1.0,0.75,1.0,0.081,0.154,0.045,0.937,0.807,0.947,0.87,0.48,0.89
133,0.051,0.125,0.011,1.0,0.917,1.0,1.0,0.75,1.0,0.08,0.153,0.045,0.937,0.807,0.947,0.87,0.48,0.89
134,0.05,0.124,0.011,1.0,0.917,1.0,1.0,0.75,1.0,0.08,0.153,0.044,0.937,0.817,0.947,0.87,0.51,0.89
135,0.05,0.123,0.01,1.0,0.917,1.0,1.0,0.75,1.0,0.08,0.152,0.044,0.937,0.817,0.947,0.87,0.51,0.89
136,0.05,0.123,0.01,1.0,0.917,1.0,1.0,0.75,1.0,0.08,0.151,0.044,0.937,0.82,0.947,0.87,0.52,0.89
137,0.049,0.122,0.01,1.0,0.917,1.0,1.0,0.75,1.0,0.08,0.151,0.044,0.937,0.82,0.947,0.87,0.52,0.89
138,0.049,0.122,0.01,1.0,0.917,1.0,1.0,0.75,1.0,0.079,0.15,0.043,0.937,0.82,0.947,0.87,0.52,0.89
139,0.049,0.121,0.009,1.0,0.917,1.0,1.0,0.75,1.0,0.079,0.149,0.043,0.937,0.82,0.947,0.87,0.52,0.89
140,0.049,0.12,0.009,1.0,0.917,1.0,1.0,0.75,1.0,0.079,0.149,0.043,0.937,0.82,0.947,0.87,0.52,0.89
141,0.048,0.12,0.009,1.0,0.917,1.0,1.0,0.75,1.0,0.079,0.148,0.043,0.937,0.82,0.947,0.87,0.52,0.89
142,0.048,0.119,0.009,1.0,0.917,1.0,1.0,0.75,1.0,0.079,0.148,0.042,0.937,0.82,0.947,0.87,0.52,0.89
143,0.048,0.119,0.009,1.0,0.917,1.0,1.0,0.75,1.0,0.078,0.147,0.042,0.937,0.82,0.947,0.87,0.52,0.89
144,0.047,0.118,0.009,1.0,0.917,1.0,1.0,0.75,1.0,0.078,0.146,0.042,0.937,0.82,0.947,0.87,0.52,0.89
145,0.047,0.117,0.008,1.0,0.917,1.0,1.0,0.75,1.0,0.078,0.146,0.042,0.937,0.823,0.947,0.87,0.53,0.89
146,0.047,0.117,0.008,1.0,0.917,1.0,1.0,0.75,1.0,0.078,0.145,0.041,0.937,0.837,0.947,0.87,0.57,0.89
147,0.046,0.116,0.008,1.0,0.917,1.0,1.0,0.75,1.0,0.078,0.144,0.041,0.937,0.837,0.947,0.87,0.57,0.89
148,0.046,0.116,0.008,1.0,0.917,1.0,1.0,0.75,1.0,0.077,0.144,0.041,0.937,0.833,0.947,0.87,0.57,0.89
149,0.046,0.115,0.008,1.0,0.917,1.0,1.0,0.75,1.0,0.077,0.143,0.041,0.937,0.833,0.947,0.87,0.57,0.89
150,0.046,0.114,0.008,1.0,0.917,1.0,1.0,0.75,1.0,0.077,0.143,0.041,0.937,0.833,0.947,0.87,0.57,0.89
151,0.045,0.114,0.007,1.0,0.917,1.0,1.0,0.75,1.0,0.077,0.142,0.04,0.937,0.833,0.947,0.87,0.57,0.89
152,0.045,0.113,0.007,1.0,0.917,1.0,1.0,0.75,1.0,0.077,0.141,0.04,0.927,0.837,0.947,0.84,0.58,0.89
153,0.045,0.113,0.007,1.0,0.958,1.0,1.0,0.875,1.0,0.077,0.141,0.04,0.927,0.867,0.947,0.84,0.67,0.89
154,0.045,0.112,0.007,1.0,0.958,1.0,1.0,0.875,1.0,0.076,0.14,0.04,0.927,0.867,0.95,0.84,0.67,0.89
155,0.044,0.111,0.007,1.0,0.958,1.0,1.0,0.875,1.0,0.076,0.14,0.04,0.927,0.867,0.95,0.84,0.67,0.89
156,0.044,0.111,0.007,1.0,0.958,1.0,1.0,0.875,1.0,0.076,0.139,0.039,0.927,0.867,0.95,0.84,0.67,0.89
157,0.044,0.11,0.007,1.0,0.958,1.0,1.0,0.875,1.0,0.076,0.139,0.039,0.927,0.867,0.95,0.84,0.67,0.89
158,0.044,0.11,0.007,1.0,0.958,1.0,1.0,0.875,1.0,0.076,0.138,0.039,0.927,0.867,0.95,0.84,0.67,0.89
159,0.043,0.109,0.006,1.0,0.958,1.0,1.0,0.875,1.0,0.076,0.137,0.039,0.927,0.87,0.953,0.84,0.68,0.9
160,0.043,0.108,0.006,1.0,0.958,1.0,1.0,0.875,1.0,0.075,0.137,0.039,0.927,0.87,0.953,0.84,0.68,0.9
161,0.043,0.108,0.006,1.0,0.958,1.0,1.0,0.875,1.0,0.075,0.136,0.039,0.927,0.87,0.953,0.84,0.68,0.9
162,0.043,0.107,0.006,1.0,0.958,1.0,1.0,0.875,1.0,0.075,0.136,0.038,0.927,0.873,0.953,0.84,0.69,0.9
163,0.042,0.107,0.006,1.0,0.958,1.0,1.0,0.875,1.0,0.075,0.135,0.038,0.927,0.873,0.953,0.84,0.69,0.9
164,0.042,0.106,0.006,1.0,0.958,1.0,1.0,0.875,1.0,0.075,0.135,0.038,0.927,0.873,0.953,0.84,0.69,0.9
165,0.042,0.105,0.006,1.0,0.958,1.0,1.0,0.875,1.0,0.075,0.134,0.038,0.927,0.873,0.953,0.84,0.69,0.9
166,0.042,0.105,0.006,1.0,0.958,1.0,1.0,0.875,1.0,0.074,0.133,0.038,0.927,0.873,0.953,0.84,0.69,0.9
167,0.041,0.104,0.006,1.0,0.958,1.0,1.0,0.875,1.0,0.074,0.133,0.038,0.927,0.873,0.953,0.84,0.69,0.9
168,0.041,0.103,0.006,1.0,0.958,1.0,1.0,0.875,1.0,0.074,0.132,0.037,0.927,0.873,0.953,0.84,0.69,0.9
169,0.041,0.103,0.006,1.0,0.958,1.0,1.0,0.875,1.0,0.074,0.132,0.037,0.927,0.877,0.953,0.84,0.7,0.9
170,0.041,0.102,0.005,1.0,0.958,1.0,1.0,0.875,1.0,0.074,0.131,0.037,0.927,0.877,0.953,0.84,0.7,0.9
171,0.041,0.102,0.005,1.0,0.958,1.0,1.0,0.875,1.0,0.074,0.131,0.037,0.927,0.877,0.953,0.84,0.7,0.9
172,0.04,0.101,0.005,1.0,0.958,1.0,1.0,0.875,1.0,0.074,0.13,0.037,0.927,0.877,0.953,0.84,0.7,0.9
173,0.04,0.1,0.005,1.0,0.958,1.0,1.0,0.875,1.0,0.073,0.129,0.037,0.927,0.87,0.953,0.84,0.69,0.9
174,0.04,0.1,0.005,1.0,0.958,1.0,1.0,0.875,1.0,0.073,0.129,0.037,0.927,0.87,0.953,0.84,0.69,0.9
175,0.04,0.099,0.005,1.0,0.958,1.0,1.0,0.875,1.0,0.073,0.128,0.036,0.927,0.87,0.953,0.84,0.69,0.9
176,0.04,0.099,0.005,1.0,0.958,1.0,1.0,0.875,1.0,0.073,0.128,0.036,0.927,0.877,0.953,0.84,0.71,0.9
177,0.039,0.098,0.005,1.0,0.958,1.0,1.0,0.875,1.0,0.073,0.127,0.036,0.927,0.877,0.953,0.84,0.71,0.9
178,0.039,0.097,0.005,1.0,0.958,1.0,1.0,0.875,1.0,0.073,0.127,0.036,0.927,0.88,0.953,0.84,0.72,0.9
179,0.039,0.097,0.005,1.0,0.958,1.0,1.0,0.875,1.0,0.073,0.126,0.036,0.927,0.88,0.953,0.84,0.72,0.9
180,0.039,0.096,0.005,1.0,0.958,1.0,1.0,0.875,1.0,0.072,0.126,0.036,0.927,0.887,0.953,0.84,0.74,0.9
181,0.039,0.095,0.005,1.0,0.958,1.0,1.0,0.875,1.0,0.072,0.125,0.036,0.927,0.887,0.953,0.84,0.74,0.9
182,0.038,0.095,0.005,1.0,0.958,1.0,1.0,0.875,1.0,0.072,0.125,0.035,0.927,0.89,0.953,0.84,0.74,0.9
183,0.038,0.094,0.004,1.0,0.958,1.0,1.0,0.875,1.0,0.072,0.124,0.035,0.927,0.89,0.953,0.84,0.74,0.9
184,0.038,0.094,0.004,1.0,0.958,1.0,1.0,0.875,1.0,0.072,0.123,0.035,0.927,0.89,0.953,0.84,0.74,0.9
185,0.038,0.093,0.004,1.0,0.958,1.0,1.0,0.875,1.0,0.072,0.123,0.035,0.927,0.89,0.953,0.84,0.74,0.9
186,0.038,0.092,0.004,1.0,0.958,1.0,1.0,0.875,1.0,0.072,0.122,0.035,0.927,0.89,0.957,0.84,0.74,0.91
187,0.037,0.092,0.004,1.0,0.958,1.0,1.0,0.875,1.0,0.071,0.122,0.035,0.927,0.89,0.957,0.84,0.74,0.91
188,0.037,0.091,0.004,1.0,0.958,1.0,1.0,0.875,1.0,0.071,0.121,0.035,0.927,0.89,0.957,0.84,0.74,0.91
189,0.037,0.09,0.004,1.0,0.958,1.0,1.0,0.875,1.0,0.071,0.121,0.035,0.927,0.89,0.957,0.84,0.74,0.91
190,0.037,0.09,0.004,1.0,0.958,1.0,1.0,0.875,1.0,0.071,0.12,0.035,0.927,0.893,0.957,0.84,0.75,0.91
191,0.037,0.089,0.004,1.0,0.958,1.0,1.0,0.875,1.0,0.071,0.12,0.034,0.927,0.893,0.957,0.84,0.75,0.91
192,0.036,0.089,0.004,1.0,0.958,1.0,1.0,0.875,1.0,0.071,0.119,0.034,0.927,0.893,0.957,0.84,0.75,0.91
193,0.036,0.088,0.004,1.0,0.958,1.0,1.0,0.875,1.0,0.071,0.118,0.034,0.927,0.893,0.957,0.84,0.75,0.91
194,0.036,0.087,0.004,1.0,0.958,1.0,1.0,0.875,1.0,0.071,0.118,0.034,0.927,0.893,0.957,0.84,0.75,0.91
195,0.036,0.087,0.004,1.0,0.958,1.0,1.0,0.875,1.0,0.07,0.117,0.034,0.927,0.9,0.957,0.84,0.77,0.91
196,0.036,0.086,0.004,1.0,0.958,1.0,1.0,0.875,1.0,0.07,0.117,0.034,0.927,0.9,0.957,0.84,0.77,0.91
197,0.036,0.085,0.004,1.0,0.958,1.0,1.0,0.875,1.0,0.07,0.116,0.034,0.927,0.9,0.957,0.84,0.77,0.91
198,0.035,0.085,0.004,1.0,0.958,1.0,1.0,0.875,1.0,0.07,0.116,0.034,0.927,0.9,0.957,0.84,0.77,0.91
199,0.035,0.084,0.004,1.0,0.958,1.0,1.0,0.875,1.0,0.07,0.115,0.034,0.927,0.9,0.957,0.84,0.77,0.91
200,0.035,0.084,0.004,1.0,0.958,1.0,1.0,0.875,1.0,0.07,0.115,0.034,0.927,0.91,0.957,0.84,0.8,0.91
201,0.035,0.083,0.004,1.0,0.958,1.0,1.0,0.875,1.0,0.07,0.114,0.033,0.927,0.91,0.957,0.84,0.8,0.91
202,0.035,0.082,0.004,1.0,0.958,1.0,1.0,0.875,1.0,0.07,0.113,0.033,0.927,0.917,0.957,0.84,0.82,0.91
203,0.035,0.082,0.003,1.0,0.958,1.0,1.0,0.875,1.0,0.07,0.113,0.033,0.927,0.917,0.957,0.84,0.82,0.91
204,0.034,0.081,0.003,1.0,0.958,1.0,1.0,0.875,1.0,0.069,0.112,0.033,0.927,0.917,0.957,0.84,0.82,0.91
205,0.034,0.081,0.003,1.0,1.0,1.0,1.0,1.0,1.0,0.069,0.112,0.033,0.927,0.923,0.957,0.84,0.83,0.91
206,0.034,0.08,0.003,1.0,1.0,1.0,1.0,1.0,1.0,0.069,0.111,0.033,0.927,0.923,0.957,0.84,0.83,0.91
207,0.034,0.079,0.003,1.0,1.0,1.0,1.0,1.0,1.0,0.069,0.111,0.033,0.927,0.923,0.957,0.84,0.83,0.91
208,0.034,0.079,0.003,1.0,1.0,1.0,1.0,1.0,1.0,0.069,0.11,0.033,0.93,0.923,0.957,0.85,0.83,0.91
209,0.034,0.078,0.003,1.0,1.0,1.0,1.0,1.0,1.0,0.069,0.11,0.033,0.93,0.923,0.96,0.85,0.83,0.92
210,0.034,0.078,0.003,1.0,1.0,1.0,1.0,1.0,1.0,0.069,0.109,0.033,0.93,0.923,0.96,0.85,0.83,0.92
211,0.033,0.077,0.003,1.0,1.0,1.0,1.0,1.0,1.0,0.069,0.108,0.033,0.93,0.923,0.96,0.85,0.83,0.92
212,0.033,0.076,0.003,1.0,1.0,1.0,1.0,1.0,1.0,0.068,0.108,0.032,0.93,0.923,0.96,0.85,0.83,0.92
213,0.033,0.076,0.003,1.0,1.0,1.0,1.0,1.0,1.0,0.068,0.107,0.032,0.93,0.927,0.96,0.85,0.84,0.92
214,0.033,0.075,0.003,1.0,1.0,1.0,1.0,1.0,1.0,0.068,0.107,0.032,0.93,0.927,0.96,0.85,0.84,0.92
215,0.033,0.075,0.003,1.0,1.0,1.0,1.0,1.0,1.0,0.068,0.106,0.032,0.93,0.927,0.96,0.85,0.84,0.92
216,0.033,0.074,0.003,1.0,1.0,1.0,1.0,1.0,1.0,0.068,0.106,0.032,0.93,0.927,0.96,0.85,0.84,0.92
217,0.032,0.074,0.003,1.0,1.0,1.0,1.0,1.0,1.0,0.068,0.105,0.032,0.93,0.927,0.96,0.85,0.84,0.92
218,0.032,0.073,0.003,1.0,1.0,1.0,1.0,1.0,1.0,0.068,0.105,0.032,0.93,0.927,0.96,0.85,0.84,0.92
219,0.032,0.072,0.003,1.0,1.0,1.0,1.0,1.0,1.0,0.068,0.104,0.032,0.93,0.927,0.96,0.85,0.84,0.92
220,0.032,0.072,0.003,1.0,1.0,1.0,1.0,1.0,1.0,0.068,0.103,0.032,0.93,0.933,0.96,0.85,0.86,0.92
221,0.032,0.071,0.003,1.0,1.0,1.0,1.0,1.0,1.0,0.068,0.103,0.032,0.93,0.933,0.96,0.85,0.86,0.92
222,0.032,0.071,0.003,1.0,1.0,1.0,1.0,1.0,1.0,0.067,0.102,0.032,0.93,0.933,0.96,0.85,0.86,0.92
223,0.032,0.07,0.003,1.0,1.0,1.0,1.0,1.0,1.0,0.067,0.102,0.032,0.93,0.933,0.96,0.85,0.86,0.92
224,0.031,0.07,0.003,1.0,1.0,1.0,1.0,1.0,1.0,0.067,0.101,0.032,0.93,0.927,0.96,0.85,0.84,0.92
225,0.031,0.069,0.003,1.0,1.0,1.0,1.0,1.0,1.0,0.067,0.101,0.031,0.93,0.927,0.96,0.85,0.84,0.92
226,0.031,0.069,0.003,1.0,1.0,1.0,1.0,1.0,1.0,0.067,0.1,0.031,0.93,0.927,0.96,0.85,0.84,0.92
227,0.031,0.068,0.003,1.0,1.0,1.0,1.0,1.0,1.0,0.067,0.1,0.031,0.93,0.927,0.96,0.85,0.84,0.92
228,0.031,0.068,0.003,1.0,1.0,1.0,1.0,1.0,1.0,0.067,0.099,0.031,0.93,0.927,0.96,0.85,0.84,0.92
229,0.031,0.067,0.003,1.0,1.0,1.0,1.0,1.0,1.0,0.067,0.099,0.031,0.93,0.927,0.96,0.85,0.84,0.92
230,0.031,0.067,0.003,1.0,1.0,1.0,1.0,1.0,1.0,0.067,0.098,0.031,0.93,0.927,0.96,0.85,0.84,0.92
231,0.031,0.066,0.003,1.0,1.0,1.0,1.0,1.0,1.0,0.067,0.098,0.031,0.93,0.927,0.96,0.85,0.84,0.92
232,0.03,0.066,0.003,1.0,1.0,1.0,1.0,1.0,1.0,0.066,0.097,0.031,0.93,0.927,0.96,0.85,0.84,0.92
233,0.03,0.065,0.003,1.0,1.0,1.0,1.0,1.0,1.0,0.066,0.097,0.031,0.93,0.927,0.96,0.85,0.84,0.92
234,0.03,0.065,0.003,1.0,1.0,1.0,1.0,1.0,1.0,0.066,0.096,0.031,0.93,0.927,0.96,0.85,0.84,0.92
235,0.03,0.064,0.003,1.0,1.0,1.0,1.0,1.0,1.0,0.066,0.096,0.031,0.93,0.927,0.96,0.85,0.84,0.92
236,0.03,0.064,0.002,1.0,1.0,1.0,1.0,1.0,1.0,0.066,0.095,0.031,0.93,0.927,0.96,0.85,0.84,0.92
237,0.03,0.063,0.002,1.0,1.0,1.0,1.0,1.0,1.0,0.066,0.095,0.031,0.93,0.927,0.96,0.85,0.84,0.92
238,0.03,0.063,0.002,1.0,1.0,1.0,1.0,1.0,1.0,0.066,0.094,0.031,0.93,0.927,0.96,0.85,0.84,0.92
239,0.03,0.062,0.002,1.0,1.0,1.0,1.0,1.0,1.0,0.066,0.094,0.03,0.93,0.927,0.96,0.85,0.84,0.92
240,0.029,0.062,0.002,1.0,1.0,1.0,1.0,1.0,1.0,0.066,0.094,0.03,0.93,0.927,0.96,0.85,0.84,0.92
241,0.029,0.061,0.002,1.0,1.0,1.0,1.0,1.0,1.0,0.066,0.093,0.03,0.93,0.927,0.96,0.85,0.84,0.92
242,0.029,0.061,0.002,1.0,1.0,1.0,1.0,1.0,1.0,0.065,0.093,0.03,0.93,0.927,0.96,0.85,0.84,0.92
243,0.029,0.061,0.002,1.0,1.0,1.0,1.0,1.0,1.0,0.065,0.092,0.03,0.93,0.927,0.96,0.85,0.84,0.92
244,0.029,0.06,0.002,1.0,1.0,1.0,1.0,1.0,1.0,0.065,0.092,0.03,0.93,0.93,0.96,0.85,0.85,0.92
245,0.029,0.06,0.002,1.0,1.0,1.0,1.0,1.0,1.0,0.065,0.091,0.03,0.93,0.93,0.963,0.85,0.85,0.92
246,0.029,0.059,0.002,1.0,1.0,1.0,1.0,1.0,1.0,0.065,0.091,0.03,0.93,0.93,0.963,0.85,0.85,0.92
247,0.029,0.059,0.002,1.0,1.0,1.0,1.0,1.0,1.0,0.065,0.09,0.03,0.93,0.93,0.963,0.85,0.85,0.92
248,0.028,0.058,0.002,1.0,1.0,1.0,1.0,1.0,1.0,0.065,0.09,0.03,0.93,0.93,0.963,0.85,0.85,0.92
249,0.028,0.058,0.002,1.0,1.0,1.0,1.0,1.0,1.0,0.065,0.09,0.03,0.93,0.93,0.963,0.85,0.85,0.92
250,0.028,0.058,0.002,1.0,1.0,1.0,1.0,1.0,1.0,0.065,0.089,0.03,0.93,0.93,0.963,0.85,0.85,0.92
251,0.028,0.057,0.002,1.0,1.0,1.0,1.0,1.0,1.0,0.065,0.089,0.03,0.93,0.93,0.963,0.85,0.85,0.92
252,0.028,0.057,0.002,1.0,1.0,1.0,1.0,1.0,1.0,0.065,0.088,0.03,0.93,0.93,0.963,0.85,0.85,0.92
253,0.028,0.056,0.002,1.0,1.0,1.0,1.0,1.0,1.0,0.064,0.088,0.03,0.93,0.93,0.963,0.85,0.85,0.92
254,0.028,0.056,0.002,1.0,1.0,1.0,1.0,1.0,1.0,0.064,0.087,0.03,0.93,0.93,0.963,0.85,0.85,0.92
255,0.028,0.056,0.002,1.0,1.0,1.0,1.0,1.0,1.0,0.064,0.087,0.03,0.93,0.933,0.963,0.85,0.86,0.92
256,0.028,0.055,0.002,1.0,1.0,1.0,1.0,1.0,1.0,0.064,0.087,0.029,0.93,0.933,0.963,0.85,0.86,0.92
257,0.027,0.055,0.002,1.0,1.0,1.0,1.0,1.0,1.0,0.064,0.086,0.029,0.93,0.933,0.963,0.85,0.86,0.92
258,0.027,0.054,0.002,1.0,1.0,1.0,1.0,1.0,1.0,0.064,0.086,0.029,0.93,0.937,0.963,0.85,0.86,0.92
259,0.027,0.054,0.002,1.0,1.0,1.0,1.0,1.0,1.0,0.064,0.086,0.029,0.93,0.937,0.963,0.85,0.86,0.92
260,0.027,0.054,0.002,1.0,1.0,1.0,1.0,1.0,1.0,0.064,0.085,0.029,0.93,0.937,0.963,0.85,0.86,0.92
261,0.027,0.053,0.002,1.0,1.0,1.0,1.0,1.0,1.0,0.064,0.085,0.029,0.93,0.937,0.963,0.85,0.86,0.92
262,0.027,0.053,0.002,1.0,1.0,1.0,1.0,1.0,1.0,0.064,0.084,0.029,0.93,0.937,0.963,0.85,0.86,0.92
263,0.027,0.052,0.002,1.0,1.0,1.0,1.0,1.0,1.0,0.064,0.084,0.029,0.93,0.933,0.963,0.85,0.85,0.92
264,0.027,0.052,0.002,1.0,1.0,1.0,1.0,1.0,1.0,0.064,0.084,0.029,0.93,0.933,0.963,0.85,0.85,0.92
265,0.027,0.051,0.002,1.0,1.0,1.0,1.0,1.0,1.0,0.063,0.083,0.029,0.93,0.933,0.963,0.85,0.85,0.92
266,0.026,0.051,0.002,1.0,1.0,1.0,1.0,1.0,1.0,0.063,0.083,0.029,0.93,0.933,0.963,0.85,0.85,0.92
267,0.026,0.051,0.002,1.0,1.0,1.0,1.0,1.0,1.0,0.063,0.083,0.029,0.93,0.933,0.963,0.85,0.85,0.92
268,0.026,0.05,0.002,1.0,1.0,1.0,1.0,1.0,1.0,0.063,0.082,0.029,0.93,0.93,0.967,0.85,0.85,0.92
269,0.026,0.05,0.002,1.0,1.0,1.0,1.0,1.0,1.0,0.063,0.082,0.029,0.93,0.93,0.967,0.85,0.85,0.92
270,0.026,0.049,0.002,1.0,1.0,1.0,1.0,1.0,1.0,0.063,0.082,0.029,0.93,0.93,0.967,0.85,0.85,0.92
271,0.026,0.049,0.002,1.0,1.0,1.0,1.0,1.0,1.0,0.063,0.082,0.029,0.93,0.93,0.967,0.85,0.85,0.92
272,0.026,0.049,0.002,1.0,1.0,1.0,1.0,1.0,1.0,0.063,0.081,0.029,0.93,0.93,0.967,0.85,0.85,0.92
273,0.026,0.048,0.002,1.0,1.0,1.0,1.0,1.0,1.0,0.063,0.081,0.029,0.93,0.93,0.967,0.85,0.85,0.92
274,0.026,0.048,0.002,1.0,1.0,1.0,1.0,1.0,1.0,0.063,0.081,0.029,0.93,0.93,0.967,0.85,0.85,0.92
275,0.026,0.047,0.002,1.0,1.0,1.0,1.0,1.0,1.0,0.063,0.081,0.029,0.93,0.93,0.967,0.85,0.85,0.92
276,0.025,0.047,0.002,1.0,1.0,1.0,1.0,1.0,1.0,0.063,0.081,0.028,0.93,0.93,0.967,0.85,0.85,0.92
277,0.025,0.047,0.002,1.0,1.0,1.0,1.0,1.0,1.0,0.062,0.081,0.028,0.93,0.93,0.967,0.85,0.85,0.92
278,0.025,0.046,0.002,1.0,1.0,1.0,1.0,1.0,1.0,0.062,0.081,0.028,0.93,0.93,0.967,0.85,0.85,0.92
279,0.025,0.046,0.002,1.0,1.0,1.0,1.0,1.0,1.0,0.062,0.08,0.028,0.93,0.93,0.967,0.85,0.85,0.92
280,0.025,0.046,0.002,1.0,1.0,1.0,1.0,1.0,1.0,0.062,0.08,0.028,0.93,0.93,0.967,0.85,0.85,0.92
281,0.025,0.045,0.002,1.0,1.0,1.0,1.0,1.0,1.0,0.062,0.08,0.028,0.93,0.93,0.967,0.85,0.85,0.92
282,0.025,0.045,0.002,1.0,1.0,1.0,1.0,1.0,1.0,0.062,0.08,0.028,0.93,0.923,0.967,0.85,0.82,0.92
283,0.025,0.045,0.002,1.0,1.0,1.0,1.0,1.0,1.0,0.062,0.08,0.028,0.93,0.923,0.967,0.85,0.82,0.92
284,0.025,0.044,0.002,1.0,1.0,1.0,1.0,1.0,1.0,0.062,0.08,0.028,0.93,0.923,0.967,0.85,0.82,0.92
285,0.025,0.044,0.002,1.0,1.0,1.0,1.0,1.0,1.0,0.062,0.08,0.028,0.93,0.923,0.967,0.85,0.82,0.92
286,0.025,0.044,0.002,1.0,1.0,1.0,1.0,1.0,1.0,0.062,0.08,0.028,0.93,0.923,0.967,0.85,0.82,0.92
287,0.024,0.043,0.002,1.0,1.0,1.0,1.0,1.0,1.0,0.062,0.08,0.028,0.93,0.923,0.967,0.85,0.82,0.92
288,0.024,0.043,0.002,1.0,1.0,1.0,1.0,1.0,1.0,0.062,0.08,0.028,0.93,0.923,0.967,0.85,0.82,0.92
289,0.024,0.043,0.002,1.0,1.0,1.0,1.0,1.0,1.0,0.062,0.08,0.028,0.93,0.923,0.967,0.85,0.82,0.92
290,0.024,0.043,0.002,1.0,1.0,1.0,1.0,1.0,1.0,0.061,0.079,0.028,0.93,0.923,0.967,0.85,0.82,0.92
291,0.024,0.042,0.002,1.0,1.0,1.0,1.0,1.0,1.0,0.061,0.079,0.028,0.93,0.923,0.967,0.85,0.82,0.92
292,0.024,0.042,0.002,1.0,1.0,1.0,1.0,1.0,1.0,0.061,0.079,0.028,0.93,0.927,0.967,0.85,0.82,0.92
293,0.024,0.042,0.002,1.0,1.0,1.0,1.0,1.0,1.0,0.061,0.079,0.028,0.93,0.927,0.967,0.85,0.82,0.92
294,0.024,0.042,0.002,1.0,1.0,1.0,1.0,1.0,1.0,0.061,0.078,0.028,0.93,0.927,0.967,0.85,0.82,0.92
295,0.024,0.041,0.002,1.0,1.0,1.0,1.0,1.0,1.0,0.061,0.078,0.028,0.93,0.927,0.967,0.85,0.82,0.92
296,0.024,0.041,0.002,1.0,1.0,1.0,1.0,1.0,1.0,0.061,0.078,0.028,0.93,0.927,0.967,0.85,0.82,0.92
297,0.024,0.041,0.002,1.0,1.0,1.0,1.0,1.0,1.0,0.061,0.077,0.028,0.93,0.927,0.967,0.85,0.82,0.92
298,0.023,0.04,0.002,1.0,1.0,1.0,1.0,1.0,1.0,0.061,0.077,0.028,0.93,0.927,0.967,0.85,0.82,0.92
299,0.023,0.04,0.001,1.0,1.0,1.0,1.0,1.0,1.0,0.061,0.077,0.027,0.93,0.927,0.967,0.85,0.82,0.92
300,0.023,0.04,0.001,1.0,1.0,1.0,1.0,1.0,1.0,0.061,0.077,0.027,0.93,0.927,0.967,0.85,0.82,0.92
301,0.023,0.04,0.001,1.0,1.0,1.0,1.0,1.0,1.0,0.061,0.076,0.027,0.93,0.927,0.967,0.85,0.82,0.92
302,0.023,0.04,0.001,1.0,1.0,1.0,1.0,1.0,1.0,0.061,0.076,0.027,0.93,0.927,0.967,0.85,0.82,0.92
303,0.023,0.039,0.001,1.0,1.0,1.0,1.0,1.0,1.0,0.061,0.076,0.027,0.93,0.927,0.967,0.85,0.82,0.92
304,0.023,0.039,0.001,1.0,1.0,1.0,1.0,1.0,1.0,0.06,0.075,0.027,0.93,0.927,0.967,0.85,0.82,0.92
305,0.023,0.039,0.001,1.0,1.0,1.0,1.0,1.0,1.0,0.06,0.075,0.027,0.93,0.93,0.967,0.85,0.82,0.92
306,0.023,0.039,0.001,1.0,1.0,1.0,1.0,1.0,1.0,0.06,0.075,0.027,0.93,0.93,0.967,0.85,0.82,0.92
307,0.023,0.038,0.001,1.0,1.0,1.0,1.0,1.0,1.0,0.06,0.075,0.027,0.93,0.93,0.967,0.85,0.82,0.92
308,0.023,0.038,0.001,1.0,1.0,1.0,1.0,1.0,1.0,0.06,0.075,0.027,0.93,0.93,0.967,0.85,0.82,0.92
309,0.023,0.038,0.001,1.0,1.0,1.0,1.0,1.0,1.0,0.06,0.074,0.027,0.93,0.937,0.967,0.85,0.84,0.92
310,0.022,0.038,0.001,1.0,1.0,1.0,1.0,1.0,1.0,0.06,0.074,0.027,0.93,0.937,0.967,0.85,0.84,0.92
311,0.022,0.037,0.001,1.0,1.0,1.0,1.0,1.0,1.0,0.06,0.074,0.027,0.93,0.937,0.967,0.85,0.84,0.92
312,0.022,0.037,0.001,1.0,1.0,1.0,1.0,1.0,1.0,0.06,0.074,0.027,0.93,0.933,0.967,0.85,0.84,0.92
313,0.022,0.037,0.001,1.0,1.0,1.0,1.0,1.0,1.0,0.06,0.074,0.027,0.93,0.933,0.967,0.85,0.84,0.92
314,0.022,0.037,0.001,1.0,1.0,1.0,1.0,1.0,1.0,0.06,0.074,0.027,0.93,0.93,0.967,0.85,0.83,0.92
315,0.022,0.037,0.001,1.0,1.0,1.0,1.0,1.0,1.0,0.06,0.074,0.027,0.93,0.93,0.967,0.85,0.83,0.92
316,0.022,0.036,0.001,1.0,1.0,1.0,1.0,1.0,1.0,0.06,0.074,0.027,0.93,0.93,0.967,0.85,0.83,0.92
317,0.022,0.036,0.001,1.0,1.0,1.0,1.0,1.0,1.0,0.06,0.073,0.027,0.93,0.93,0.967,0.85,0.83,0.92
318,0.022,0.036,0.001,1.0,1.0,1.0,1.0,1.0,1.0,0.059,0.073,0.027,0.93,0.93,0.967,0.85,0.83,0.92
319,0.022,0.036,0.001,1.0,1.0,1.0,1.0,1.0,1.0,0.059,0.073,0.027,0.93,0.93,0.967,0.85,0.83,0.92
320,0.022,0.036,0.001,1.0,1.0,1.0,1.0,1.0,1.0,0.059,0.073,0.027,0.93,0.93,0.967,0.85,0.83,0.92
321,0.022,0.035,0.001,1.0,1.0,1.0,1.0,1.0,1.0,0.059,0.073,0.027,0.93,0.93,0.967,0.85,0.83,0.92
322,0.022,0.035,0.001,1.0,1.0,1.0,1.0,1.0,1.0,0.059,0.073,0.027,0.93,0.93,0.967,0.85,0.83,0.92
323,0.021,0.035,0.001,1.0,1.0,1.0,1.0,1.0,1.0,0.059,0.073,0.027,0.93,0.93,0.967,0.85,0.83,0.92
324,0.021,0.035,0.001,1.0,1.0,1.0,1.0,1.0,1.0,0.059,0.072,0.027,0.93,0.93,0.967,0.85,0.83,0.92
325,0.021,0.035,0.001,1.0,1.0,1.0,1.0,1.0,1.0,0.059,0.072,0.027,0.93,0.93,0.967,0.85,0.83,0.92
326,0.021,0.035,0.001,1.0,1.0,1.0,1.0,1.0,1.0,0.059,0.072,0.027,0.93,0.93,0.967,0.85,0.83,0.92
327,0.021,0.034,0.001,1.0,1.0,1.0,1.0,1.0,1.0,0.059,0.072,0.026,0.93,0.93,0.967,0.85,0.83,0.92
328,0.021,0.034,0.001,1.0,1.0,1.0,1.0,1.0,1.0,0.059,0.072,0.026,0.93,0.93,0.967,0.85,0.83,0.92
329,0.021,0.034,0.001,1.0,1.0,1.0,1.0,1.0,1.0,0.059,0.072,0.026,0.93,0.93,0.967,0.85,0.83,0.92
330,0.021,0.034,0.001,1.0,1.0,1.0,1.0,1.0,1.0,0.059,0.071,0.026,0.93,0.93,0.967,0.85,0.83,0.92
331,0.021,0.034,0.001,1.0,1.0,1.0,1.0,1.0,1.0,0.059,0.071,0.026,0.93,0.93,0.967,0.85,0.83,0.92
332,0.021,0.033,0.001,1.0,1.0,1.0,1.0,1.0,1.0,0.059,0.071,0.026,0.93,0.93,0.967,0.85,0.83,0.92
333,0.021,0.033,0.001,1.0,1.0,1.0,1.0,1.0,1.0,0.059,0.071,0.026,0.93,0.93,0.967,0.85,0.83,0.92
334,0.021,0.033,0.001,1.0,1.0,1.0,1.0,1.0,1.0,0.058,0.071,0.026,0.93,0.93,0.967,0.85,0.83,0.92
335,0.021,0.033,0.001,1.0,1.0,1.0,1.0,1.0,1.0,0.058,0.071,0.026,0.93,0.93,0.967,0.85,0.83,0.92
336,0.021,0.033,0.001,1.0,1.0,1.0,1.0,1.0,1.0,0.058,0.071,0.026,0.93,0.93,0.967,0.85,0.83,0.92
337,0.02,0.033,0.001,1.0,1.0,1.0,1.0,1.0,1.0,0.058,0.07,0.026,0.93,0.93,0.967,0.85,0.83,0.92
338,0.02,0.032,0.001,1.0,1.0,1.0,1.0,1.0,1.0,0.058,0.07,0.026,0.93,0.93,0.967,0.85,0.83,0.92
339,0.02,0.032,0.001,1.0,1.0,1.0,1.0,1.0,1.0,0.058,0.07,0.026,0.93,0.93,0.967,0.85,0.83,0.92
340,0.02,0.032,0.001,1.0,1.0,1.0,1.0,1.0,1.0,0.058,0.07,0.026,0.93,0.93,0.967,0.85,0.83,0.92
341,0.02,0.032,0.001,1.0,1.0,1.0,1.0,1.0,1.0,0.058,0.07,0.026,0.93,0.93,0.967,0.85,0.83,0.92
342,0.02,0.032,0.001,1.0,1.0,1.0,1.0,1.0,1.0,0.058,0.07,0.026,0.94,0.93,0.967,0.88,0.83,0.92
343,0.02,0.032,0.001,1.0,1.0,1.0,1.0,1.0,1.0,0.058,0.07,0.026,0.94,0.93,0.967,0.88,0.83,0.92
344,0.02,0.032,0.001,1.0,1.0,1.0,1.0,1.0,1.0,0.058,0.07,0.026,0.94,0.93,0.967,0.88,0.83,0.92
345,0.02,0.031,0.001,1.0,1.0,1.0,1.0,1.0,1.0,0.058,0.069,0.026,0.94,0.93,0.967,0.88,0.83,0.92
346,0.02,0.031,0.001,1.0,1.0,1.0,1.0,1.0,1.0,0.058,0.069,0.026,0.94,0.93,0.967,0.88,0.83,0.92
347,0.02,0.031,0.001,1.0,1.0,1.0,1.0,1.0,1.0,0.058,0.069,0.026,0.94,0.93,0.967,0.88,0.83,0.92
348,0.02,0.031,0.001,1.0,1.0,1.0,1.0,1.0,1.0,0.058,0.069,0.026,0.94,0.93,0.967,0.88,0.83,0.92
349,0.02,0.031,0.001,1.0,1.0,1.0,1.0,1.0,1.0,0.058,0.069,0.026,0.94,0.93,0.967,0.88,0.83,0.92
350,0.02,0.031,0.001,1.0,1.0,1.0,1.0,1.0,1.0,0.057,0.069,0.026,0.94,0.93,0.967,0.88,0.83,0.92
351,0.02,0.03,0.001,1.0,1.0,1.0,1.0,1.0,1.0,0.057,0.069,0.026,0.94,0.93,0.967,0.88,0.83,0.92
352,0.019,0.03,0.001,1.0,1.0,1.0,1.0,1.0,1.0,0.057,0.069,0.026,0.94,0.93,0.967,0.88,0.83,0.92
353,0.019,0.03,0.001,1.0,1.0,1.0,1.0,1.0,1.0,0.057,0.068,0.026,0.94,0.93,0.967,0.88,0.83,0.92
354,0.019,0.03,0.001,1.0,1.0,1.0,1.0,1.0,1.0,0.057,0.068,0.026,0.94,0.933,0.967,0.88,0.84,0.92
355,0.019,0.03,0.001,1.0,1.0,1.0,1.0,1.0,1.0,0.057,0.068,0.026,0.94,0.933,0.967,0.88,0.84,0.92
356,0.019,0.03,0.001,1.0,1.0,1.0,1.0,1.0,1.0,0.057,0.068,0.026,0.94,0.933,0.967,0.88,0.84,0.92
357,0.019,0.03,0.001,1.0,1.0,1.0,1.0,1.0,1.0,0.057,0.068,0.026,0.94,0.933,0.967,0.88,0.84,0.92
358,0.019,0.029,0.001,1.0,1.0,1.0,1.0,1.0,1.0,0.057,0.068,0.026,0.94,0.933,0.967,0.88,0.84,0.92
359,0.019,0.029,0.001,1.0,1.0,1.0,1.0,1.0,1.0,0.057,0.068,0.026,0.94,0.933,0.967,0.88,0.84,0.92
360,0.019,0.029,0.001,1.0,1.0,1.0,1.0,1.0,1.0,0.057,0.068,0.025,0.94,0.933,0.967,0.88,0.84,0.92
361,0.019,0.029,0.001,1.0,1.0,1.0,1.0,1.0,1.0,0.057,0.068,0.025,0.94,0.933,0.967,0.88,0.84,0.92
362,0.019,0.029,0.001,1.0,1.0,1.0,1.0,1.0,1.0,0.057,0.067,0.025,0.94,0.933,0.967,0.88,0.84,0.92
363,0.019,0.029,0.001,1.0,1.0,1.0,1.0,1.0,1.0,0.057,0.067,0.025,0.94,0.933,0.967,0.88,0.84,0.92
364,0.019,0.029,0.001,1.0,1.0,1.0,1.0,1.0,1.0,0.057,0.067,0.025,0.94,0.933,0.967,0.88,0.84,0.92
365,0.019,0.029,0.001,1.0,1.0,1.0,1.0,1.0,1.0,0.057,0.067,0.025,0.94,0.933,0.967,0.88,0.84,0.92
366,0.019,0.028,0.001,1.0,1.0,1.0,1.0,1.0,1.0,0.057,0.067,0.025,0.94,0.933,0.967,0.88,0.84,0.92
367,0.019,0.028,0.001,1.0,1.0,1.0,1.0,1.0,1.0,0.056,0.067,0.025,0.94,0.933,0.967,0.88,0.84,0.92
368,0.019,0.028,0.001,1.0,1.0,1.0,1.0,1.0,1.0,0.056,0.067,0.025,0.94,0.933,0.967,0.88,0.84,0.92
369,0.018,0.028,0.001,1.0,1.0,1.0,1.0,1.0,1.0,0.056,0.067,0.025,0.94,0.933,0.967,0.88,0.84,0.92
370,0.018,0.028,0.001,1.0,1.0,1.0,1.0,1.0,1.0,0.056,0.067,0.025,0.94,0.933,0.967,0.88,0.84,0.92
371,0.018,0.028,0.001,1.0,1.0,1.0,1.0,1.0,1.0,0.056,0.066,0.025,0.94,0.933,0.967,0.88,0.84,0.92
372,0.018,0.028,0.001,1.0,1.0,1.0,1.0,1.0,1.0,0.056,0.066,0.025,0.94,0.933,0.967,0.88,0.84,0.92
373,0.018,0.028,0.001,1.0,1.0,1.0,1.0,1.0,1.0,0.056,0.066,0.025,0.94,0.933,0.967,0.88,0.84,0.92
374,0.018,0.027,0.001,1.0,1.0,1.0,1.0,1.0,1.0,0.056,0.066,0.025,0.94,0.933,0.967,0.88,0.84,0.92
375,0.018,0.027,0.001,1.0,1.0,1.0,1.0,1.0,1.0,0.056,0.066,0.025,0.94,0.933,0.967,0.88,0.84,0.92
376,0.018,0.027,0.001,1.0,1.0,1.0,1.0,1.0,1.0,0.056,0.066,0.025,0.94,0.933,0.967,0.88,0.84,0.92
377,0.018,0.027,0.001,1.0,1.0,1.0,1.0,1.0,1.0,0.056,0.066,0.025,0.94,0.933,0.967,0.88,0.84,0.92
378,0.018,0.027,0.001,1.0,1.0,1.0,1.0,1.0,1.0,0.056,0.066,0.025,0.94,0.933,0.967,0.88,0.84,0.92
379,0.018,0.027,0.001,1.0,1.0,1.0,1.0,1.0,1.0,0.056,0.066,0.025,0.94,0.933,0.967,0.88,0.84,0.92
380,0.018,0.027,0.001,1.0,1.0,1.0,1.0,1.0,1.0,0.056,0.066,0.025,0.94,0.933,0.967,0.88,0.84,0.92
381,0.018,0.027,0.001,1.0,1.0,1.0,1.0,1.0,1.0,0.056,0.065,0.025,0.94,0.933,0.967,0.88,0.84,0.92
382,0.018,0.026,0.001,1.0,1.0,1.0,1.0,1.0,1.0,0.056,0.065,0.025,0.94,0.933,0.967,0.88,0.84,0.92
383,0.018,0.026,0.001,1.0,1.0,1.0,1.0,1.0,1.0,0.056,0.065,0.025,0.94,0.933,0.967,0.88,0.84,0.92
384,0.018,0.026,0.001,1.0,1.0,1.0,1.0,1.0,1.0,0.056,0.065,0.025,0.94,0.933,0.967,0.88,0.84,0.92
385,0.018,0.026,0.001,1.0,1.0,1.0,1.0,1.0,1.0,0.055,0.065,0.025,0.94,0.933,0.967,0.88,0.84,0.92
386,0.018,0.026,0.001,1.0,1.0,1.0,1.0,1.0,1.0,0.055,0.065,0.025,0.94,0.933,0.967,0.88,0.84,0.92
387,0.017,0.026,0.001,1.0,1.0,1.0,1.0,1.0,1.0,0.055,0.065,0.025,0.94,0.933,0.967,0.88,0.84,0.92
388,0.017,0.026,0.001,1.0,1.0,1.0,1.0,1.0,1.0,0.055,0.065,0.025,0.94,0.933,0.967,0.88,0.84,0.92
389,0.017,0.026,0.001,1.0,1.0,1.0,1.0,1.0,1.0,0.055,0.065,0.025,0.94,0.933,0.967,0.88,0.84,0.92
390,0.017,0.026,0.001,1.0,1.0,1.0,1.0,1.0,1.0,0.055,0.065,0.025,0.94,0.933,0.967,0.88,0.84,0.92
391,0.017,0.025,0.001,1.0,1.0,1.0,1.0,1.0,1.0,0.055,0.064,0.025,0.94,0.933,0.967,0.88,0.84,0.92
392,0.017,0.025,0.001,1.0,1.0,1.0,1.0,1.0,1.0,0.055,0.064,0.025,0.94,0.933,0.967,0.88,0.84,0.92
393,0.017,0.025,0.001,1.0,1.0,1.0,1.0,1.0,1.0,0.055,0.064,0.025,0.94,0.933,0.967,0.88,0.84,0.92
394,0.017,0.025,0.001,1.0,1.0,1.0,1.0,1.0,1.0,0.055,0.064,0.025,0.94,0.933,0.967,0.88,0.84,0.92
395,0.017,0.025,0.001,1.0,1.0,1.0,1.0,1.0,1.0,0.055,0.064,0.025,0.94,0.933,0.967,0.88,0.84,0.92
396,0.017,0.025,0.001,1.0,1.0,1.0,1.0,1.0,1.0,0.055,0.064,0.025,0.94,0.933,0.967,0.88,0.84,0.92
397,0.017,0.025,0.001,1.0,1.0,1.0,1.0,1.0,1.0,0.055,0.064,0.025,0.94,0.933,0.967,0.88,0.84,0.92
398,0.017,0.025,0.001,1.0,1.0,1.0,1.0,1.0,1.0,0.055,0.064,0.025,0.94,0.933,0.967,0.88,0.84,0.92
399,0.017,0.025,0.001,1.0,1.0,1.0,1.0,1.0,1.0,0.055,0.064,0.025,0.94,0.933,0.967,0.88,0.84,0.92
400,0.017,0.024,0.001,1.0,1.0,1.0,1.0,1.0,1.0,0.055,0.064,0.024,0.94,0.933,0.967,0.88,0.84,0.92
401,0.017,0.024,0.001,1.0,1.0,1.0,1.0,1.0,1.0,0.055,0.064,0.024,0.94,0.933,0.967,0.88,0.84,0.92
402,0.017,0.024,0.001,1.0,1.0,1.0,1.0,1.0,1.0,0.055,0.063,0.024,0.94,0.933,0.967,0.88,0.84,0.92
403,0.017,0.024,0.001,1.0,1.0,1.0,1.0,1.0,1.0,0.055,0.063,0.024,0.94,0.933,0.967,0.88,0.84,0.92
404,0.017,0.024,0.001,1.0,1.0,1.0,1.0,1.0,1.0,0.055,0.063,0.024,0.94,0.933,0.967,0.88,0.84,0.92
405,0.017,0.024,0.001,1.0,1.0,1.0,1.0,1.0,1.0,0.054,0.063,0.024,0.94,0.933,0.967,0.88,0.84,0.92
406,0.016,0.024,0.001,1.0,1.0,1.0,1.0,1.0,1.0,0.054,0.063,0.024,0.94,0.933,0.967,0.88,0.84,0.92
407,0.016,0.024,0.001,1.0,1.0,1.0,1.0,1.0,1.0,0.054,0.063,0.024,0.94,0.933,0.967,0.88,0.84,0.92
408,0.016,0.024,0.001,1.0,1.0,1.0,1.0,1.0,1.0,0.054,0.063,0.024,0.94,0.933,0.967,0.88,0.84,0.92
409,0.016,0.024,0.001,1.0,1.0,1.0,1.0,1.0,1.0,0.054,0.063,0.024,0.94,0.933,0.967,0.88,0.84,0.92
410,0.016,0.023,0.001,1.0,1.0,1.0,1.0,1.0,1.0,0.054,0.063,0.024,0.94,0.933,0.967,0.88,0.84,0.92
411,0.016,0.023,0.001,1.0,1.0,1.0,1.0,1.0,1.0,0.054,0.063,0.024,0.94,0.937,0.967,0.88,0.84,0.92
412,0.016,0.023,0.001,1.0,1.0,1.0,1.0,1.0,1.0,0.054,0.063,0.024,0.94,0.937,0.967,0.88,0.84,0.92
413,0.016,0.023,0.001,1.0,1.0,1.0,1.0,1.0,1.0,0.054,0.063,0.024,0.94,0.937,0.967,0.88,0.84,0.92
414,0.016,0.023,0.001,1.0,1.0,1.0,1.0,1.0,1.0,0.054,0.062,0.024,0.94,0.937,0.967,0.88,0.84,0.92
415,0.016,0.023,0.001,1.0,1.0,1.0,1.0,1.0,1.0,0.054,0.062,0.024,0.94,0.937,0.967,0.88,0.84,0.92
416,0.016,0.023,0.001,1.0,1.0,1.0,1.0,1.0,1.0,0.054,0.062,0.024,0.94,0.937,0.967,0.88,0.84,0.92
417,0.016,0.023,0.001,1.0,1.0,1.0,1.0,1.0,1.0,0.054,0.062,0.024,0.94,0.937,0.967,0.88,0.84,0.92
418,0.016,0.023,0.001,1.0,1.0,1.0,1.0,1.0,1.0,0.054,0.062,0.024,0.94,0.937,0.967,0.88,0.84,0.92
419,0.016,0.023,0.001,1.0,1.0,1.0,1.0,1.0,1.0,0.054,0.062,0.024,0.94,0.937,0.967,0.88,0.84,0.92
420,0.016,0.023,0.001,1.0,1.0,1.0,1.0,1.0,1.0,0.054,0.062,0.024,0.94,0.937,0.967,0.88,0.84,0.92
421,0.016,0.022,0.001,1.0,1.0,1.0,1.0,1.0,1.0,0.054,0.062,0.024,0.94,0.937,0.967,0.88,0.84,0.92
422,0.016,0.022,0.001,1.0,1.0,1.0,1.0,1.0,1.0,0.054,0.062,0.024,0.94,0.937,0.967,0.88,0.84,0.92
423,0.016,0.022,0.001,1.0,1.0,1.0,1.0,1.0,1.0,0.054,0.062,0.024,0.94,0.937,0.967,0.88,0.84,0.92
424,0.016,0.022,0.001,1.0,1.0,1.0,1.0,1.0,1.0,0.054,0.062,0.024,0.94,0.937,0.967,0.88,0.84,0.92
425,0.016,0.022,0.001,1.0,1.0,1.0,1.0,1.0,1.0,0.053,0.062,0.024,0.94,0.937,0.967,0.88,0.84,0.92
426,0.016,0.022,0.001,1.0,1.0,1.0,1.0,1.0,1.0,0.053,0.061,0.024,0.94,0.937,0.967,0.88,0.84,0.92
427,0.016,0.022,0.001,1.0,1.0,1.0,1.0,1.0,1.0,0.053,0.061,0.024,0.94,0.937,0.967,0.88,0.84,0.92
428,0.015,0.022,0.001,1.0,1.0,1.0,1.0,1.0,1.0,0.053,0.061,0.024,0.94,0.937,0.967,0.88,0.84,0.92
429,0.015,0.022,0.001,1.0,1.0,1.0,1.0,1.0,1.0,0.053,0.061,0.024,0.94,0.94,0.967,0.88,0.85,0.92
430,0.015,0.022,0.001,1.0,1.0,1.0,1.0,1.0,1.0,0.053,0.061,0.024,0.94,0.94,0.967,0.88,0.85,0.92
431,0.015,0.022,0.001,1.0,1.0,1.0,1.0,1.0,1.0,0.053,0.061,0.024,0.94,0.94,0.967,0.88,0.85,0.92
432,0.015,0.021,0.001,1.0,1.0,1.0,1.0,1.0,1.0,0.053,0.061,0.024,0.94,0.94,0.967,0.88,0.85,0.92
433,0.015,0.021,0.001,1.0,1.0,1.0,1.0,1.0,1.0,0.053,0.061,0.024,0.94,0.94,0.967,0.88,0.85,0.92
434,0.015,0.021,0.001,1.0,1.0,1.0,1.0,1.0,1.0,0.053,0.061,0.024,0.94,0.94,0.967,0.88,0.85,0.92
435,0.015,0.021,0.001,1.0,1.0,1.0,1.0,1.0,1.0,0.053,0.061,0.024,0.94,0.94,0.967,0.88,0.85,0.92
436,0.015,0.021,0.001,1.0,1.0,1.0,1.0,1.0,1.0,0.053,0.061,0.024,0.94,0.94,0.967,0.88,0.85,0.92
437,0.015,0.021,0.001,1.0,1.0,1.0,1.0,1.0,1.0,0.053,0.061,0.024,0.94,0.94,0.967,0.88,0.85,0.92
438,0.015,0.021,0.001,1.0,1.0,1.0,1.0,1.0,1.0,0.053,0.06,0.024,0.94,0.94,0.967,0.88,0.85,0.92
439,0.015,0.021,0.001,1.0,1.0,1.0,1.0,1.0,1.0,0.053,0.06,0.024,0.94,0.94,0.967,0.88,0.85,0.92
440,0.015,0.021,0.001,1.0,1.0,1.0,1.0,1.0,1.0,0.053,0.06,0.024,0.94,0.94,0.967,0.88,0.85,0.92
441,0.015,0.021,0.001,1.0,1.0,1.0,1.0,1.0,1.0,0.053,0.06,0.024,0.94,0.94,0.967,0.88,0.85,0.92
442,0.015,0.021,0.001,1.0,1.0,1.0,1.0,1.0,1.0,0.053,0.06,0.024,0.943,0.94,0.967,0.88,0.85,0.92
443,0.015,0.021,0.001,1.0,1.0,1.0,1.0,1.0,1.0,0.053,0.06,0.024,0.943,0.94,0.967,0.88,0.85,0.92
444,0.015,0.02,0.001,1.0,1.0,1.0,1.0,1.0,1.0,0.053,0.06,0.024,0.943,0.94,0.967,0.88,0.85,0.92
445,0.015,0.02,0.001,1.0,1.0,1.0,1.0,1.0,1.0,0.053,0.06,0.024,0.943,0.94,0.967,0.88,0.85,0.92
446,0.015,0.02,0.001,1.0,1.0,1.0,1.0,1.0,1.0,0.053,0.06,0.024,0.943,0.94,0.967,0.88,0.85,0.92
447,0.015,0.02,0.001,1.0,1.0,1.0,1.0,1.0,1.0,0.052,0.06,0.024,0.943,0.94,0.967,0.88,0.85,0.92
448,0.015,0.02,0.001,1.0,1.0,1.0,1.0,1.0,1.0,0.052,0.06,0.024,0.943,0.94,0.967,0.88,0.85,0.92
449,0.015,0.02,0.001,1.0,1.0,1.0,1.0,1.0,1.0,0.052,0.06,0.023,0.943,0.94,0.967,0.88,0.85,0.92
450,0.015,0.02,0.001,1.0,1.0,1.0,1.0,1.0,1.0,0.052,0.06,0.023,0.943,0.94,0.967,0.88,0.85,0.92
451,0.014,0.02,0.001,1.0,1.0,1.0,1.0,1.0,1.0,0.052,0.059,0.023,0.943,0.94,0.967,0.88,0.85,0.92
452,0.014,0.02,0.001,1.0,1.0,1.0,1.0,1.0,1.0,0.052,0.059,0.023,0.943,0.94,0.967,0.88,0.85,0.92
453,0.014,0.02,0.001,1.0,1.0,1.0,1.0,1.0,1.0,0.052,0.059,0.023,0.943,0.94,0.967,0.88,0.85,0.92
454,0.014,0.02,0.001,1.0,1.0,1.0,1.0,1.0,1.0,0.052,0.059,0.023,0.943,0.94,0.967,0.88,0.85,0.92
455,0.014,0.02,0.001,1.0,1.0,1.0,1.0,1.0,1.0,0.052,0.059,0.023,0.943,0.94,0.967,0.88,0.85,0.92
456,0.014,0.02,0.001,1.0,1.0,1.0,1.0,1.0,1.0,0.052,0.059,0.023,0.943,0.94,0.967,0.88,0.85,0.92
457,0.014,0.019,0.001,1.0,1.0,1.0,1.0,1.0,1.0,0.052,0.059,0.023,0.943,0.94,0.967,0.88,0.85,0.92
458,0.014,0.019,0.001,1.0,1.0,1.0,1.0,1.0,1.0,0.052,0.059,0.023,0.943,0.94,0.967,0.88,0.85,0.92
459,0.014,0.019,0.001,1.0,1.0,1.0,1.0,1.0,1.0,0.052,0.059,0.023,0.943,0.94,0.967,0.88,0.85,0.92
460,0.014,0.019,0.001,1.0,1.0,1.0,1.0,1.0,1.0,0.052,0.059,0.023,0.943,0.94,0.967,0.88,0.85,0.92
461,0.014,0.019,0.001,1.0,1.0,1.0,1.0,1.0,1.0,0.052,0.059,0.023,0.943,0.94,0.967,0.88,0.85,0.92
462,0.014,0.019,0.001,1.0,1.0,1.0,1.0,1.0,1.0,0.052,0.059,0.023,0.943,0.94,0.967,0.88,0.85,0.92
463,0.014,0.019,0.001,1.0,1.0,1.0,1.0,1.0,1.0,0.052,0.059,0.023,0.943,0.94,0.967,0.88,0.85,0.92
464,0.014,0.019,0.001,1.0,1.0,1.0,1.0,1.0,1.0,0.052,0.059,0.023,0.943,0.94,0.967,0.88,0.85,0.92
465,0.014,0.019,0.001,1.0,1.0,1.0,1.0,1.0,1.0,0.052,0.058,0.023,0.943,0.94,0.967,0.88,0.85,0.92
466,0.014,0.019,0.001,1.0,1.0,1.0,1.0,1.0,1.0,0.052,0.058,0.023,0.943,0.94,0.967,0.88,0.85,0.92
467,0.014,0.019,0.001,1.0,1.0,1.0,1.0,1.0,1.0,0.052,0.058,0.023,0.947,0.94,0.967,0.89,0.85,0.92
468,0.014,0.019,0.001,1.0,1.0,1.0,1.0,1.0,1.0,0.052,0.058,0.023,0.943,0.94,0.967,0.88,0.85,0.92
469,0.014,0.019,0.001,1.0,1.0,1.0,1.0,1.0,1.0,0.052,0.058,0.023,0.943,0.94,0.967,0.88,0.85,0.92
470,0.014,0.019,0.001,1.0,1.0,1.0,1.0,1.0,1.0,0.051,0.058,0.023,0.943,0.94,0.967,0.88,0.85,0.92
471,0.014,0.018,0.001,1.0,1.0,1.0,1.0,1.0,1.0,0.051,0.058,0.023,0.943,0.94,0.967,0.88,0.85,0.92
472,0.014,0.018,0.001,1.0,1.0,1.0,1.0,1.0,1.0,0.051,0.058,0.023,0.943,0.94,0.967,0.88,0.85,0.92
473,0.014,0.018,0.001,1.0,1.0,1.0,1.0,1.0,1.0,0.051,0.058,0.023,0.943,0.94,0.967,0.88,0.85,0.92
474,0.014,0.018,0.001,1.0,1.0,1.0,1.0,1.0,1.0,0.051,0.058,0.023,0.943,0.94,0.967,0.88,0.85,0.92
475,0.014,0.018,0.001,1.0,1.0,1.0,1.0,1.0,1.0,0.051,0.058,0.023,0.943,0.94,0.967,0.88,0.85,0.92
476,0.014,0.018,0.001,1.0,1.0,1.0,1.0,1.0,1.0,0.051,0.058,0.023,0.943,0.94,0.967,0.88,0.85,0.92
477,0.014,0.018,0.001,1.0,1.0,1.0,1.0,1.0,1.0,0.051,0.058,0.023,0.943,0.95,0.967,0.88,0.88,0.92
478,0.013,0.018,0.001,1.0,1.0,1.0,1.0,1.0,1.0,0.051,0.057,0.023,0.943,0.95,0.967,0.88,0.88,0.92
479,0.013,0.018,0.001,1.0,1.0,1.0,1.0,1.0,1.0,0.051,0.057,0.023,0.943,0.95,0.967,0.88,0.88,0.92
480,0.013,0.018,0.001,1.0,1.0,1.0,1.0,1.0,1.0,0.051,0.057,0.023,0.943,0.95,0.967,0.88,0.88,0.92
481,0.013,0.018,0.001,1.0,1.0,1.0,1.0,1.0,1.0,0.051,0.057,0.023,0.943,0.95,0.967,0.88,0.88,0.92
482,0.013,0.018,0.001,1.0,1.0,1.0,1.0,1.0,1.0,0.051,0.057,0.023,0.943,0.95,0.967,0.88,0.88,0.92
483,0.013,0.018,0.001,1.0,1.0,1.0,1.0,1.0,1.0,0.051,0.057,0.023,0.943,0.95,0.967,0.88,0.88,0.92
484,0.013,0.018,0.001,1.0,1.0,1.0,1.0,1.0,1.0,0.051,0.057,0.023,0.943,0.95,0.967,0.88,0.88,0.92
485,0.013,0.018,0.001,1.0,1.0,1.0,1.0,1.0,1.0,0.051,0.057,0.023,0.943,0.95,0.967,0.88,0.88,0.92
486,0.013,0.017,0.001,1.0,1.0,1.0,1.0,1.0,1.0,0.051,0.057,0.023,0.943,0.95,0.967,0.88,0.88,0.92
487,0.013,0.017,0.001,1.0,1.0,1.0,1.0,1.0,1.0,0.051,0.057,0.023,0.943,0.95,0.967,0.88,0.88,0.92
488,0.013,0.017,0.001,1.0,1.0,1.0,1.0,1.0,1.0,0.051,0.057,0.023,0.943,0.95,0.967,0.88,0.88,0.92
489,0.013,0.017,0.001,1.0,1.0,1.0,1.0,1.0,1.0,0.051,0.057,0.023,0.943,0.95,0.967,0.88,0.88,0.92
490,0.013,0.017,0.001,1.0,1.0,1.0,1.0,1.0,1.0,0.051,0.057,0.023,0.943,0.95,0.967,0.88,0.88,0.92
491,0.013,0.017,0.001,1.0,1.0,1.0,1.0,1.0,1.0,0.051,0.057,0.023,0.95,0.95,0.967,0.9,0.88,0.92
492,0.013,0.017,0.001,1.0,1.0,1.0,1.0,1.0,1.0,0.051,0.056,0.023,0.95,0.95,0.967,0.9,0.88,0.92
493,0.013,0.017,0.001,1.0,1.0,1.0,1.0,1.0,1.0,0.051,0.056,0.023,0.95,0.95,0.967,0.9,0.88,0.92
494,0.013,0.017,0.001,1.0,1.0,1.0,1.0,1.0,1.0,0.051,0.056,0.023,0.95,0.95,0.967,0.9,0.88,0.92
495,0.013,0.017,0.001,1.0,1.0,1.0,1.0,1.0,1.0,0.05,0.056,0.023,0.95,0.95,0.967,0.9,0.88,0.92
496,0.013,0.017,0.001,1.0,1.0,1.0,1.0,1.0,1.0,0.05,0.056,0.023,0.95,0.95,0.967,0.9,0.88,0.92
497,0.013,0.017,0.001,1.0,1.0,1.0,1.0,1.0,1.0,0.05,0.056,0.023,0.95,0.95,0.967,0.9,0.88,0.92
498,0.013,0.017,0.001,1.0,1.0,1.0,1.0,1.0,1.0,0.05,0.056,0.023,0.95,0.95,0.967,0.9,0.88,0.92
499,0.013,0.017,0.001,1.0,1.0,1.0,1.0,1.0,1.0,0.05,0.056,0.023,0.95,0.95,0.967,0.9,0.88,0.92
