,sample,dina_par_0,dina_par_1,gdina_par_0,gdina_par_1,npc_par_0,npc_par_1,gnpc_par_0,gnpc_par_1,mlp_par_0,mlp_par_1,ann_par_0,ann_par_1,qnet_par_0,qnet_par_1
0,100,1.0,0.99,1.0,0.98,0.99,0.98,0.99,0.98,1.0,0.95,1.0,0.97,1.0,0.99
1,100,1.0,0.96,0.99,0.96,1.0,0.97,0.99,0.96,1.0,0.96,1.0,0.97,1.0,0.96
2,100,0.98,0.96,0.98,0.96,1.0,0.98,0.99,0.97,1.0,0.97,1.0,0.98,1.0,0.98
3,100,0.98,0.98,0.98,0.98,0.98,0.98,0.98,0.98,1.0,0.99,1.0,1.0,1.0,1.0
4,100,1.0,0.96,1.0,0.96,0.99,0.95,0.99,0.95,1.0,0.96,1.0,0.96,1.0,0.97
5,100,1.0,0.96,1.0,0.95,1.0,0.96,1.0,0.96,1.0,0.97,1.0,0.97,1.0,0.97
6,100,1.0,0.98,1.0,0.98,0.99,0.98,1.0,0.99,1.0,0.99,1.0,0.99,1.0,0.99
7,100,0.98,0.97,0.98,0.93,0.98,0.97,0.99,0.98,1.0,0.98,1.0,0.99,1.0,0.99
8,100,1.0,0.99,1.0,0.99,1.0,0.99,0.99,0.98,1.0,1.0,1.0,1.0,1.0,1.0
9,100,1.0,0.99,1.0,1.0,0.99,0.99,0.99,0.99,1.0,1.0,1.0,1.0,1.0,1.0
10,100,0.99,0.97,0.99,0.95,0.98,0.96,0.98,0.96,1.0,0.97,1.0,0.97,1.0,0.98
11,100,1.0,0.98,1.0,0.98,1.0,0.98,0.99,0.97,1.0,0.98,1.0,0.99,1.0,0.98
12,100,1.0,0.97,0.98,0.94,0.98,0.95,0.98,0.95,1.0,0.99,1.0,0.99,1.0,0.99
13,100,1.0,0.98,0.99,0.97,0.99,0.97,0.99,0.97,1.0,0.98,1.0,0.99,1.0,0.99
14,100,1.0,0.97,1.0,0.98,0.99,0.97,1.0,0.98,1.0,0.97,1.0,0.97,1.0,0.99
15,100,1.0,0.97,1.0,0.97,1.0,0.96,0.99,0.96,1.0,0.97,1.0,0.97,1.0,0.98
16,100,1.0,0.99,1.0,0.98,0.99,0.98,1.0,0.99,1.0,0.98,1.0,0.99,1.0,0.98
17,100,1.0,0.98,1.0,0.97,0.99,0.97,0.99,0.97,1.0,0.97,1.0,0.98,1.0,0.98
18,100,1.0,0.98,1.0,0.98,1.0,0.98,1.0,0.98,1.0,0.98,1.0,0.98,1.0,0.97
19,100,0.99,0.97,0.98,0.88,0.97,0.95,0.97,0.95,1.0,0.97,1.0,0.99,1.0,0.99
20,200,1.0,0.99,1.0,0.99,1.0,0.99,0.995,0.985,1.0,0.965,1.0,0.985,1.0,0.99
21,200,1.0,0.995,0.99,0.985,1.0,0.995,0.99,0.985,1.0,0.99,1.0,1.0,1.0,0.99
22,200,1.0,0.975,1.0,0.975,0.995,0.965,0.995,0.97,1.0,0.985,1.0,0.985,1.0,0.985
23,200,1.0,0.97,1.0,0.98,0.99,0.97,0.99,0.97,1.0,0.99,1.0,0.99,1.0,0.995
24,200,1.0,0.975,1.0,0.97,0.995,0.965,0.99,0.965,1.0,0.98,1.0,0.985,1.0,0.985
25,200,1.0,0.97,1.0,0.97,0.995,0.965,0.99,0.96,1.0,0.985,1.0,0.985,1.0,0.99
26,200,1.0,0.97,1.0,0.97,1.0,0.965,0.995,0.96,1.0,0.97,1.0,0.97,1.0,0.97
27,200,1.0,0.975,0.98,0.965,0.985,0.97,0.98,0.965,1.0,0.98,1.0,0.985,1.0,0.99
28,200,1.0,0.975,1.0,0.97,0.98,0.955,0.99,0.965,1.0,0.97,1.0,0.975,1.0,0.965
29,200,1.0,0.985,1.0,0.985,0.995,0.98,0.995,0.98,1.0,0.99,1.0,0.99,1.0,0.995
30,200,1.0,0.98,1.0,0.98,0.995,0.975,0.995,0.975,1.0,0.975,1.0,0.98,1.0,0.985
31,200,1.0,0.98,1.0,0.98,0.99,0.975,0.995,0.98,1.0,0.98,1.0,0.99,1.0,0.985
32,200,1.0,0.985,1.0,0.985,0.995,0.985,1.0,0.99,1.0,0.98,1.0,0.99,1.0,0.99
33,200,1.0,0.99,1.0,0.98,0.995,0.985,0.99,0.98,1.0,0.975,1.0,0.985,1.0,0.99
34,200,1.0,0.975,1.0,0.98,0.99,0.975,0.99,0.975,1.0,0.985,1.0,0.985,1.0,0.975
35,200,1.0,0.985,0.985,0.97,0.985,0.97,0.995,0.98,1.0,0.985,1.0,0.985,1.0,0.99
36,200,0.99,0.94,0.99,0.94,0.99,0.96,0.995,0.965,1.0,0.97,1.0,0.975,1.0,0.98
37,200,1.0,0.97,0.985,0.955,0.985,0.96,0.99,0.965,0.995,0.975,1.0,0.975,1.0,0.985
38,200,1.0,0.98,1.0,0.98,1.0,0.98,0.99,0.97,1.0,0.99,1.0,0.99,1.0,0.99
39,200,1.0,0.99,0.985,0.975,0.995,0.98,0.99,0.98,1.0,0.99,1.0,0.99,1.0,0.99
40,300,0.983,0.957,0.987,0.957,0.99,0.963,0.987,0.96,1.0,0.967,1.0,0.973,1.0,0.98
41,300,1.0,0.97,0.99,0.967,1.0,0.987,0.993,0.98,1.0,0.977,1.0,0.987,1.0,0.993
42,300,1.0,0.973,1.0,0.97,0.993,0.97,0.997,0.973,1.0,0.973,1.0,0.973,1.0,0.973
43,300,1.0,0.97,1.0,0.967,0.993,0.963,0.993,0.963,1.0,0.957,1.0,0.97,1.0,0.97
44,300,1.0,0.977,1.0,0.977,0.99,0.967,1.0,0.977,1.0,0.973,1.0,0.98,1.0,0.987
45,300,0.993,0.967,0.993,0.967,0.987,0.963,0.99,0.967,1.0,0.967,1.0,0.98,1.0,0.98
46,300,1.0,0.967,1.0,0.967,0.99,0.96,0.993,0.963,1.0,0.957,1.0,0.977,1.0,0.977
47,300,1.0,0.983,1.0,0.977,0.993,0.977,0.997,0.98,1.0,0.983,1.0,0.99,1.0,0.993
48,300,1.0,0.98,1.0,0.98,0.993,0.973,0.99,0.97,1.0,0.967,1.0,0.98,1.0,0.983
49,300,1.0,0.98,1.0,0.97,1.0,0.98,0.997,0.977,1.0,0.973,1.0,0.98,1.0,0.983
50,300,1.0,0.99,0.98,0.97,0.987,0.977,0.987,0.977,1.0,0.98,1.0,0.993,1.0,0.997
51,300,0.983,0.953,0.99,0.957,0.99,0.967,0.997,0.973,1.0,0.967,1.0,0.977,1.0,0.977
52,300,1.0,0.963,1.0,0.963,1.0,0.967,1.0,0.967,1.0,0.963,1.0,0.973,1.0,0.977
53,300,1.0,0.973,1.0,0.973,0.993,0.967,0.99,0.963,0.997,0.977,1.0,0.977,1.0,0.987
54,300,1.0,0.98,1.0,0.98,0.997,0.98,0.997,0.98,1.0,0.983,1.0,0.993,1.0,0.997
55,300,1.0,0.987,1.0,0.987,0.997,0.983,0.99,0.977,1.0,0.987,1.0,0.987,1.0,0.987
56,300,0.983,0.96,1.0,0.977,0.99,0.967,0.987,0.963,1.0,0.983,1.0,0.983,1.0,0.987
57,300,0.997,0.98,0.997,0.977,0.99,0.977,0.993,0.98,1.0,0.977,1.0,0.987,1.0,0.983
58,300,0.997,0.973,1.0,0.973,0.983,0.96,0.99,0.967,1.0,0.967,1.0,0.98,1.0,0.977
59,300,1.0,0.987,1.0,0.98,1.0,0.983,0.993,0.98,1.0,0.963,1.0,0.977,1.0,0.977
60,500,1.0,0.978,1.0,0.976,0.992,0.97,0.992,0.97,0.998,0.974,1.0,0.976,1.0,0.986
61,500,1.0,0.976,1.0,0.976,0.988,0.964,0.992,0.968,1.0,0.978,1.0,0.986,1.0,0.986
62,500,1.0,0.972,1.0,0.972,0.992,0.964,0.992,0.964,1.0,0.972,1.0,0.982,1.0,0.984
63,500,1.0,0.984,1.0,0.976,0.996,0.98,0.992,0.976,1.0,0.98,1.0,0.988,1.0,0.988
64,500,1.0,0.982,1.0,0.98,0.994,0.974,0.994,0.976,1.0,0.978,1.0,0.986,1.0,0.988
65,500,1.0,0.978,1.0,0.978,0.99,0.968,0.994,0.972,1.0,0.968,1.0,0.982,1.0,0.984
66,500,1.0,0.978,1.0,0.974,0.988,0.966,0.996,0.974,0.998,0.972,1.0,0.982,1.0,0.982
67,500,1.0,0.978,1.0,0.978,0.984,0.962,0.994,0.972,1.0,0.966,1.0,0.976,1.0,0.982
68,500,1.0,0.966,1.0,0.968,0.998,0.968,0.994,0.964,0.998,0.968,1.0,0.978,1.0,0.982
69,500,1.0,0.972,1.0,0.976,0.996,0.972,0.992,0.968,1.0,0.978,1.0,0.984,1.0,0.984
70,500,1.0,0.982,1.0,0.976,0.992,0.972,0.994,0.976,1.0,0.978,1.0,0.986,1.0,0.984
71,500,1.0,0.978,1.0,0.978,0.992,0.97,0.992,0.97,1.0,0.976,1.0,0.982,1.0,0.984
72,500,1.0,0.976,1.0,0.974,0.996,0.972,0.996,0.972,0.996,0.972,1.0,0.982,0.998,0.982
73,500,1.0,0.974,1.0,0.974,0.994,0.966,0.996,0.97,1.0,0.974,1.0,0.984,1.0,0.986
74,500,1.0,0.978,1.0,0.978,0.99,0.966,0.996,0.974,1.0,0.972,1.0,0.986,1.0,0.986
75,500,1.0,0.98,1.0,0.98,0.994,0.974,0.99,0.97,1.0,0.968,1.0,0.98,1.0,0.986
76,500,1.0,0.982,1.0,0.982,0.99,0.972,0.992,0.974,1.0,0.976,1.0,0.984,1.0,0.98
77,500,1.0,0.978,1.0,0.972,0.998,0.98,0.994,0.976,1.0,0.97,1.0,0.982,1.0,0.984
78,500,1.0,0.974,1.0,0.97,0.992,0.966,0.992,0.966,0.998,0.964,1.0,0.976,1.0,0.98
79,500,1.0,0.976,1.0,0.976,0.994,0.97,0.994,0.97,0.998,0.966,1.0,0.98,1.0,0.982
